                  epoch,         train/box_loss,         train/cls_loss,         train/dfl_loss,   metrics/precision(B),      metrics/recall(B),       metrics/mAP50(B),    metrics/mAP50-95(B),           val/box_loss,           val/cls_loss,           val/dfl_loss,                 lr/pg0,                 lr/pg1,                 lr/pg2
                      1,                 1.1049,                 2.6951,                 1.4157,                0.62453,                0.50886,                0.54494,                 0.3578,                 1.0702,                 2.1334,                 1.5054,              0.0033293,              0.0033293,              0.0033293
                      2,                 1.1526,                  2.015,                 1.4305,                0.50711,                0.46985,                0.43272,                 0.2566,                 1.3442,                 2.2246,                 1.7248,              0.0065967,              0.0065967,              0.0065967
